{"cosine_similarity": 0.9224259171304965, "canberra_similarity": 0.7991497603999806, "euclidean_similarity": 0.1364181430520307, "keselj_similarity": 0.7975707044980338, "manhattan_similarity": 0.6044098669922903}