{"cosine_similarity": 0.300401172943041, "canberra_similarity": 0.5596955777828736, "euclidean_similarity": 0.014701484769145266, "keselj_similarity": 0.5560736443408997, "manhattan_similarity": 0.787198293822482}